start_formatted,text,pinyin,english
00:01:43:099,是的,shì de,Yes
00:01:43:766,剛從R&F的project briefing回來,gāng cóng R&F de project briefing huí lái,Just came back from R&F's project briefing
00:01:47:632,然後也去拍了一支二手房的影片,rán hòu yě qù pāi le yī zhī èr shǒu fáng de yǐng piàn,Then I also went to shoot a video about second-hand houses.
00:01:51:766,現在呢就有時間坐下來,xiàn zài ne jiù yǒu shí jiān zuò xià lái,Now I have time to sit down
00:01:54:066,跟你們去講解一下,gēn nǐ men qù jiǎng jiě yī xià,Let me explain it to you
00:01:55:533,我到底在這幾個月裡面發生什麼事情,wǒ dào dǐ zài zhè jǐ gè yuè lǐ miàn fā shēng shén me shì qíng,What happened to me in the past few months?
00:01:58:165,其實這支影片哦,qí shí zhè zhī yǐng piàn ó,Actually this video
00:01:59:799,就好像一開頭你們所看到的啦,jiù hǎo xiàng yī kāi tóu nǐ men suǒ kàn dào de la,Just like what you saw at the beginning
00:02:01:533,我是要跟你們講,wǒ shì yào gēn nǐ men jiǎng,I want to tell you
00:02:03:132,噢我回到馬來西亞兩三年過後,ō wǒ huí dào mǎ lái xī yà liǎng sān nián guò hòu,"Oh, two or three years after I returned to Malaysia"
00:02:06:599,Since Covid終於,Since Covid zhōng yú,Since Covid finally
00:02:08:032,可以重新返回職場,kě yǐ chóng xīn fǎn huí zhí chǎng,Can return to work
00:02:09:966,而且這次是重新的嘗試,ér qiě zhè cì shì chóng xīn de cháng shì,And this time it’s a new try
00:02:11:765,在馬來西亞工作的一個內容啦,zài mǎ lái xī yà gōng zuò de yī gè nèi róng la,An aspect of working in Malaysia
00:02:14:599,但是我萬萬沒有想到,dàn shì wǒ wàn wàn méi yǒu xiǎng dào,But I never expected
00:02:15:765,結果會變成這樣子,jié guǒ huì biàn chéng zhè yàng zi,The result will be like this
00:02:17:133,就是在短短的三四個月吧,jiù shì zài duǎn duǎn de sān sì gè yuè ba,Just in just three or four months
00:02:20:165,對，從10月16號,duì ， cóng 10 yuè 16 hào,"Yes, from October 16th"
00:02:21:633,然後一直到現在,rán hòu yì zhí dào xiàn zài,and then until now
00:02:22:665,那我現在的工作哦,nà wǒ xiàn zài de gōng zuò ó,Then what is my current job?
00:02:24:665,會比較專注在Property Agent這塊,huì bǐ jiào zhuān zhù zài Property Agent zhè kuài,Will focus more on Property Agent
00:02:27:866,2024年，我的最主要的目標就是,2024 nián ， wǒ de zuì zhǔ yào de mù biāo jiù shì,"In 2024, my main goal is"
00:02:31:032,專注在我的Property Career,zhuān zhù zài wǒ de Property Career,Focus on my Property Career
00:02:33:265,試試看,shì shì kàn,try it
00:02:33:932,這個...可能,zhè gè ... kě néng,This...possibly
00:02:35:532,以後再跟你們分享,yǐ hòu zài gēn nǐ men fēn xiǎng,I will share it with you later
00:02:36:599,今天這支影片,jīn tiān zhè zhī yǐng piàn,Today's video
00:02:37:332,我是要跟你們分享,wǒ shì yào gēn nǐ men fēn xiǎng,I want to share it with you
00:02:38:432,這整個過程到底發生了什麼事情啦,zhè zhěng gè guò chéng dào dǐ fā shēng le shén me shì qíng la,What happened in this whole process?
00:02:41:233,就在這幾個月裡面,jiù zài zhè jǐ gè yuè lǐ miàn,Just in these few months
00:02:42:500,我就經歷了,wǒ jiù jīng lì le,I've experienced it
00:02:43:800,跟以往一樣咯,gēn yǐ wǎng yī yàng gē,Same as always
00:02:44:932,就職了過後,jiù zhí le guò hòu,After taking office
00:02:45:966,然後就發現一些東西,rán hòu jiù fā xiàn yī xiē dōng xī,Then I discovered something
00:02:48:165,然後又離職的這整個過程,rán hòu yòu lí zhí de zhè zhěng gè guò chéng,And then the whole process of resigning
00:02:50:633,但只是不一樣的點咧,dàn zhǐ shì bù yī yàng de diǎn liě,But it’s just different
00:02:52:066,就是這一次是在馬來西亞,jiù shì zhè yī cì shì zài mǎ lái xī yà,This time it’s in Malaysia
00:02:54:199,所以這個就是我想跟你們分享的東西啦,suǒ yǐ zhè gè jiù shì wǒ xiǎng gēn nǐ men fēn xiǎng de dōng xī la,So this is what I want to share with you
00:02:56:366,首先呢我要講的東西是,shǒu xiān ne wǒ yào jiǎng de dōng xī shì,"First of all, what I want to talk about is"
00:02:58:566,我竟然能夠在影片面前哦,wǒ jìng rán néng gòu zài yǐng piàn miàn qián ó,I can actually be in front of the video
00:03:01:800,跟你們去分享,gēn nǐ men qù fēn xiǎng,Share with you
00:03:02:699,就證明,jiù zhèng míng,Just prove it
00:03:03:466,我已經完成了這整個自我了解的process,wǒ yǐ jīng wán chéng le zhè zhěng gè zì wǒ liǎo jiě de process,I've gone through this whole process of self-understanding
00:03:07:265,因為其實很多事情哦,yīn wèi qí shí hěn duō shì qíng ó,Because actually there are many things
00:03:08:633,在你經歷的時候啦,zài nǐ jīng lì de shí hòu la,When you go through it
00:03:09:866,你要去自我消化,nǐ yào qù zì wǒ xiāo huà,You have to digest yourself
00:03:11:532,探索,tàn suǒ,explore
00:03:12:566,然後去理解在這整個過程裡面,rán hòu qù lǐ jiě zài zhè zhěng gè guò chéng lǐ miàn,Then understand the whole process
00:03:15:133,是什麼原因會造成這樣的事情發生,shì shén me yuán yīn huì zào chéng zhè yàng de shì qíng fā shēng,What causes this to happen?
00:03:17:966,再來就是間中所學到的東西到底是什麼,zài lái jiù shì jiān zhōng suǒ xué dào de dōng xī dào dǐ shì shén me,The next step is what exactly are the things I learned from time to time?
00:03:20:466,而現在我可以坐在這邊跟你們講呢,ér xiàn zài wǒ kě yǐ zuò zài zhè biān gēn nǐ men jiǎng ne,And now I can sit here and tell you
00:03:22:665,跟你們分享,gēn nǐ men fēn xiǎng,share with you
00:03:23:432,就是因為我已經完成了這個過程,jiù shì yīn wèi wǒ yǐ jīng wán chéng le zhè gè guò chéng,Just because I've gone through the process
00:03:25:400,可能有些人會講,kě néng yǒu xiē rén huì jiǎng,Maybe some people will say
00:03:26:366,誒，你在講廢話啦,éi ， nǐ zài jiǎng fèi huà la,"Hey, you're talking nonsense"
00:03:27:765,但是我在這裡願意分享,dàn shì wǒ zài zhè lǐ yuàn yì fēn xiǎng,But I am here to share
00:03:29:699,就好像我這個頻道一直以來的初衷,jiù hǎo xiàng wǒ zhè gè pín dào yì zhí yǐ lái de chū zhōng,Just like the original intention of my channel
00:03:33:032,我始終相信我講的這些東西哦,wǒ shǐ zhōng xiāng xìn wǒ jiǎng de zhè xiē dōng xī ó,I always believe in what I say
00:03:35:532,可能在某一些人的人生階段當中哦,kě néng zài mǒu yī xiē rén de rén shēng jiē duàn dāng zhōng ó,Maybe in some people’s life stages
00:03:38:800,可能會給到一點點啟發,kě néng huì gěi dào yī diǎn diǎn qǐ fā,Maybe it will give you a little inspiration
00:03:40:199,我覺得這個就是我要呈現的內容的藝術啦,wǒ jué dé zhè gè jiù shì wǒ yào chéng xiàn de nèi róng de yì shù la,I think this is the art of the content I want to present.
00:03:43:699,不管別人怎麼講,bù guǎn bié rén zěn me jiǎng,No matter what others say
00:03:44:932,我可以坐在這邊講,wǒ kě yǐ zuò zài zhè biān jiǎng,I can sit here and talk
00:03:46:066,就代表我已經有足夠心理準備,jiù dài biǎo wǒ yǐ jīng yǒu zú gòu xīn lǐ zhǔn bèi,It means I am mentally prepared enough
00:03:48:032,去迎接任何的command啦,qù yíng jiē rèn hé de command la,Go and greet any command.
00:03:51:099,今天來到Adda Height,jīn tiān lái dào Adda Height,Came to Adda Height today
00:03:53:066,來跟你們透露心聲,lái gēn nǐ men tòu lù xīn shēng,Let me tell you my feelings
00:03:56:300,那麼首先呢,nà me shǒu xiān ne,So first of all
00:03:57:532,我就來跟你們分享一下,wǒ jiù lái gēn nǐ men fēn xiǎng yī xià,Let me share it with you
00:03:59:366,為什麼我會在,wèi shén me wǒ huì zài,why am i there
00:04:01:566,就是Since Covid過後,jiù shì Since Covid guò hòu,Just since Covid
00:04:03:066,開放過後,kāi fàng guò hòu,After opening
00:04:03:966,回到來了兩三年過後噢,huí dào lái le liǎng sān nián guò hòu ō,I came back two or three years later.
00:04:05:966,為什麼我又要踏回職場,wèi shén me wǒ yòu yào tà huí zhí chǎng,Why do I have to go back to work?
00:04:07:733,先來跟你們講一下那個原因,xiān lái gēn nǐ men jiǎng yī xià nà gè yuán yīn,Let me tell you the reason first
00:04:09:566,那其實認識我的觀眾都懂,nà qí shí rèn shí wǒ de guān zhòng dōu dǒng,"In fact, viewers who know me will understand"
00:04:11:532,我從新加坡回來之前噢,wǒ cóng xīn jiā pō huí lái zhī qián ō,Before I came back from Singapore
00:04:14:532,就已經有在經營我的自媒體了的,jiù yǐ jīng yǒu zài jīng yíng wǒ de zì méi tǐ le de,There are people who are already running my self-media
00:04:16:932,而且回來過後啦,ér qiě huí lái guò hòu la,And after coming back
00:04:18:432,我還自己去Register了一間公司,wǒ hái zì jǐ qù Register le yī jiān gōng sī,I even registered a company by myself.
00:04:21:199,開了一個小小的studio,kāi le yī gè xiǎo xiǎo de studio,Opened a small studio
00:04:23:065,接業配,jiē yè pèi,Business matching
00:04:24:000,然後就靠,rán hòu jiù kào,Then just rely on
00:04:25:932,還有Facebook來支撐我的生活嘛,hái yǒu Facebook lái zhī chēng wǒ de shēng huó ma,I still have Facebook to support my life.
00:04:28:333,Covid期間噢,Covid qī jiān ō,During Covid
00:04:29:365,其實有很多創作者就是在那裡冒起的,qí shí yǒu hěn duō chuàng zuò zhě jiù shì zài nà lǐ mào qǐ de,"In fact, many creators emerged there"
00:04:32:600,我呢就屬於算是一個比較幸運的啦,wǒ ne jiù shǔ yú suàn shì yī gè bǐ jiào xìng yùn de la,I am one of the lucky ones
00:04:35:665,也是從那個時候就崛起了,yě shì cóng nà gè shí hòu jiù jué qǐ le,It also started to rise from that time.
00:04:37:665,成績雖然不是講很好,chéng jī suī rán bú shì jiǎng hěn hǎo,"Although the results are not very good,"
00:04:39:300,但是還過得去,dàn shì hái guò dé qù,But it's passable
00:04:40:733,可以透過YouTube平台啊,kě yǐ tòu guò YouTube píng tái a,It can be done through the YouTube platform
00:04:42:699,然後Facebook平台去賺錢,rán hòu Facebook píng tái qù zhuàn qián,Then the Facebook platform will make money
00:04:44:665,也是有廣告商來找我合作,yě shì yǒu guǎng gào shāng lái zhǎo wǒ hé zuò,There are also advertisers who come to me for cooperation.
00:04:47:899,生活費全部都可以從那邊獲取,shēng huó fèi quán bù dōu kě yǐ cóng nà biān huò qǔ,All living expenses can be obtained from there
00:04:51:165,但是呢就在開放過後啦,dàn shì ne jiù zài kāi fàng guò hòu la,But just after the opening
00:04:53:199,其實,qí shí,actually
00:04:53:800,很多創作者,hěn duō chuàng zuò zhě,many creators
00:04:55:065,不只是我一個而已,bù zhǐ shì wǒ yī gè ér yǐ,It's not just me
00:04:56:165,如果你也是創作者的話,rú guǒ nǐ yě shì chuàng zuò zhě de huà,If you are also a creator
00:04:57:199,你也是知道的,nǐ yě shì zhī dào de,You also know
00:04:58:033,疫情開放過後,yì qíng kāi fàng guò hòu,After the epidemic is over
00:04:59:000,我們所有的流量在YouTube噢,wǒ men suǒ yǒu de liú liàng zài YouTube ō,All our traffic is on YouTube
00:05:00:833,全部都已經開始drop了,quán bù dōu yǐ jīng kāi shǐ drop le,Everything has started to drop
00:05:02:500,不管你是大Youtuber啊,bù guǎn nǐ shì dà Youtuber a,No matter you are a big Youtuber
00:05:04:132,又或者像我這種,yòu huò zhě xiàng wǒ zhè zhǒng,Or maybe like me
00:05:05:165,呃,è,Well
00:05:05:733,微網紅都好,wēi wǎng hóng dōu hǎo,Micro-influencers are all good
00:05:07:233,還稱自己微網,hái chēng zì jǐ wēi wǎng,Also calls itself micronet
00:05:08:565,紅網 紅界,hóng wǎng   hóng jiè,red network red world
00:05:10:100,都發覺到了這一點,dōu fā jué dào le zhè yī diǎn,Everyone is aware of this
00:05:11:333,當然,dāng rán,Of course
00:05:11:966,就是因為這樣子的流量的問題,jiù shì yīn wèi zhè yàng zi de liú liàng de wèn tí,It’s because of this traffic problem
00:05:14:033,然後自然而然我們的收入也受影響啦,rán hòu zì rán ér rán wǒ men de shōu rù yě shòu yǐng xiǎng la,Then naturally our income is also affected.
00:05:16:800,那如果我自己是一個人的話還好,nà rú guǒ wǒ zì jǐ shì yī gè rén de huà hái hǎo,Then it would be okay if I was alone
00:05:19:000,但是我不是,dàn shì wǒ bú shì,but i'm not
00:05:20:100,因為我還有小番薯嘛,yīn wèi wǒ hái yǒu xiǎo fān shǔ ma,Because I still have small sweet potatoes
00:05:21:632,怎麼樣講身為一個爸爸都一定要負起一點責任,zěn me yàng jiǎng shēn wèi yī gè bà bà dōu yí dìng yào fù qǐ yī diǎn zé rèn,"How do you say that as a father, you must take some responsibility?"
00:05:24:833,所以那個時候開始,suǒ yǐ nà gè shí hòu kāi shǐ,So that's when it started
00:05:26:100,收入其實不是講很好,shōu rù qí shí bú shì jiǎng hěn hǎo,"In fact, the income is not very good."
00:05:28:365,就有了念頭,jiù yǒu le niàn tóu,Got an idea
00:05:29:165,是不是要重新的踏回職場,shì bú shì yào chóng xīn de tà huí zhí chǎng,Do you want to go back to work again?
00:05:30:932,所以我就開始找工了,suǒ yǐ wǒ jiù kāi shǐ zhǎo gōng le,So I started looking for a job
00:05:32:533,那時候又需要做多一個選擇就是哎,nà shí hòu yòu xū yào zuò duō yī gè xuǎn zé jiù shì āi,"At that time, I need to make one more choice."
00:05:34:766,我到底要回新加坡好嗞,wǒ dào dǐ yào huí xīn jiā pō hǎo zī,Do I want to go back to Singapore?
00:05:36:266,還是在馬來西亞好,hái shì zài mǎ lái xī yà hǎo,It’s better to be in Malaysia
00:05:37:432,那怎樣去定義在馬來西亞,nà zěn yàng qù dìng yì zài mǎ lái xī yà,So how to define it in Malaysia?
00:05:39:132,要多少才算是一個好的收入呢,yào duō shǎo cái suàn shì yī gè hǎo de shōu rù ne,How much is a good income?
00:05:41:733,其實哦,qí shí ó,Actually
00:05:42:266,因為本身是在加坡工作過的嘛,yīn wèi běn shēn shì zài jiā pō gōng zuò guò de ma,Because I have worked in Singapore
00:05:44:665,怎麼樣講,zěn me yàng jiǎng,How to tell
00:05:45:632,都一定會拿之前的薪水來作比較的,dōu yí dìng huì ná zhī qián de xīn shuǐ lái zuò bǐ jiào de,They will definitely compare their previous salaries.
00:05:48:300,但其實沒有得比的,dàn qí shí méi yǒu dé bǐ de,But there’s really nothing to compare with
00:05:49:699,總的來講哦,zǒng de lái jiǎng ó,Generally speaking
00:05:50:665,如果是單單要靠YouTube和業配的話啦,rú guǒ shì dān dān yào kào YouTube hé yè pèi de huà la,What if you just rely on YouTube and professional matching?
00:05:54:399,因為我不是大Youtuber嘛,yīn wèi wǒ bú shì dà Youtuber ma,Because I’m not a big Youtuber
00:05:55:699,生存是過得去的,shēng cún shì guò dé qù de,Survival is passable
00:05:57:132,靠YouTube靠業配的話,kào YouTube kào yè pèi de huà,If you rely on YouTube and professional support
00:05:58:899,生存是OK的,shēng cún shì OK de,Survival is OK
00:06:00:233,只是說如果要生活的話,zhǐ shì shuō rú guǒ yào shēng huó de huà,Just saying that if you want to live
00:06:02:165,就真的是要去接多一點業配,jiù zhēn de shì yào qù jiē duō yī diǎn yè pèi,I really want to pick up more job opportunities.
00:06:03:899,而如果接多一點業配的話,ér rú guǒ jiē duō yī diǎn yè pèi de huà,"And if you receive more karma,"
00:06:05:733,就會把自己的頻道搞到非常的商業化,jiù huì bǎ zì jǐ de pín dào gǎo dào fēi cháng de shāng yè huà,He will make his channel very commercialized
00:06:08:533,就好像我有拍一支影片去分享哎,jiù hǎo xiàng wǒ yǒu pāi yī zhī yǐng piàn qù fēn xiǎng āi,It’s like I made a video to share
00:06:11:966,為什麼有一些觀眾啊會講,wèi shén me yǒu yī xiē guān zhòng a huì jiǎng,Why do some viewers know how to talk?
00:06:13:333,噢，你的內容越來越多的業配,ō ， nǐ de nèi róng yuè lái yuè duō de yè pèi,"Oh, your content is getting more and more professional"
00:06:15:600,有一點反感之類的,yǒu yī diǎn fǎn gǎn zhī lèi de,A little disgusted or something like that
00:06:16:865,而我自己呢,ér wǒ zì jǐ ne,And myself
00:06:17:899,其實是比較在乎內容的人,qí shí shì bǐ jiào zài hū nèi róng de rén,"In fact, they are people who care more about content"
00:06:20:300,所以有時候,suǒ yǐ yǒu shí hòu,So sometimes
00:06:21:165,當我再去跟廠商接洽的時候,dāng wǒ zài qù gēn chǎng shāng jiē qià de shí hòu,When I go to contact the manufacturer again
00:06:23:100,我就有一點不願意,wǒ jiù yǒu yī diǎn bù yuàn yì,I'm a little reluctant
00:06:24:966,去捨棄掉自己內容的那一塊啦,qù shě qì diào zì jǐ nèi róng de nà yī kuài la,Go ahead and discard the part of your own content.
00:06:27:865,怎麼樣都有一個感覺講哦,zěn me yàng dōu yǒu yī gè gǎn jué jiǎng ó,"No matter what, I have a feeling."
00:06:29:432,這個是我的初衷,zhè gè shì wǒ de chū zhōng,This is my original intention
00:06:30:766,所以,suǒ yǐ,so
00:06:31:466,是不是我可以找一份,shì bú shì wǒ kě yǐ zhǎo yī fèn,Can I find one?
00:06:33:065,比較So called穩定啊,bǐ jiào So called wěn dìng a,So called stable.
00:06:35:233,在這個資本主義社會裡面,zài zhè gè zī běn zhǔ yì shè huì lǐ miàn,In this capitalist society
00:06:37:399,大家認為穩定的工作,dà jiā rèn wèi wěn dìng de gōng zuò,What everyone thinks is a stable job
00:06:39:665,就是拿一個死薪水,jiù shì ná yī gè sǐ xīn shuǐ,Just get a dead salary
00:06:41:132,然後再把內容創作這一塊,rán hòu zài bǎ nèi róng chuàng zuò zhè yī kuài,
00:06:42:766,當成是一個Side Income,dāng chéng shì yī gè Side Income,Treat it as a Side Income
00:06:44:565,成為一個輔助啦,chéng wèi yī gè fǔ zhù la,Become an assistant
00:06:45:800,就好像老高與小茉莉的那個頻道這樣子,jiù hǎo xiàng lǎo gāo yǔ xiǎo mò lì de nà gè pín dào zhè yàng zi,Just like the channel between Lao Gao and Little Jasmine
00:06:48:565,其實我是向他們看齊的,qí shí wǒ shì xiàng tā men kàn qí de,"In fact, I am following them"
00:06:50:199,所以就這樣子呢,suǒ yǐ jiù zhè yàng zi ne,So that's it
00:06:50:966,我就去嘗試找了工作,wǒ jiù qù cháng shì zhǎo le gōng zuò,I tried to find a job
00:06:52:600,而且,ér qiě,and
00:06:53:333,我為什麼會選擇在馬來西亞工作呢,wǒ wèi shén me huì xuǎn zé zài mǎ lái xī yà gōng zuò ne,Why did I choose to work in Malaysia?
00:06:55:699,是因為,shì yīn wèi,It's because
00:06:56:233,這個其實也是機緣巧合啦,zhè gè qí shí yě shì jī yuán qiǎo hé la,This is actually a coincidence.
00:06:57:966,就投了resume過後,jiù tóu le resume guò hòu,"After I submitted my resume,"
00:06:59:466,有一間,yǒu yī jiān,There is a room
00:07:00:266,其實我投的resume position噢,qí shí wǒ tóu de resume position ō,"Actually, I voted for resume position."
00:07:02:065,是跟我之前做內容創作的東西是很相似的,shì gēn wǒ zhī qián zuò nèi róng chuàng zuò de dōng xī shì hěn xiāng sì de,It’s very similar to what I used to do in content creation.
00:07:05:000,就是as一個content creator啦,jiù shì as yī gè content creator la,Just as a content creator
00:07:06:699,我會選它的原因是因為它非常靠近我的家,wǒ huì xuǎn tā de yuán yīn shì yīn wèi tā fēi cháng kào jìn wǒ de jiā,The reason I chose it is because it's very close to my home
00:07:10:466,這個是非常吸引我的一個東西,zhè gè shì fēi cháng xī yǐn wǒ de yī gè dōng xī,This is something that attracts me very much
00:07:12:399,我就想哎,wǒ jiù xiǎng āi,I just want to
00:07:12:899,Might as well就try一try啦,Might as well jiù try yī try la,Might as well just try it
00:07:14:333,工錢雖然也不會很高,gōng qián suī rán yě bù huì hěn gāo,"Although the wages are not very high,"
00:07:16:333,對我來講,duì wǒ lái jiǎng,for me
00:07:17:000,就去試試看,jiù qù shì shì kàn,Just go and give it a try
00:07:17:800,所以我就踏出了那一步,suǒ yǐ wǒ jiù tà chū le nà yī bù,So I took that step
00:07:19:000,這個就是開放過後,zhè gè jiù shì kāi fàng guò hòu,This is after the opening
00:07:20:899,什麼原因我會去想要找工,shén me yuán yīn wǒ huì qù xiǎng yào zhǎo gōng,Why would I want to find a job?
00:07:23:266,總結來講,zǒng jié lái jiǎng,To sum up
00:07:24:333,就是經濟這一塊啦,jiù shì jīng jì zhè yī kuài la,It's just the economy.
00:07:26:033,因為其實如果你要我回新加坡工作的話,yīn wèi qí shí rú guǒ nǐ yào wǒ huí xīn jiā pō gōng zuò de huà,Because actually if you want me to go back to Singapore to work
00:07:28:033,又要重新那個process,yòu yào chóng xīn nà gè process,We have to restart the process again
00:07:29:733,我就想試試別的,wǒ jiù xiǎng shì shì bié de,I just want to try something else
00:07:31:233,怎麼樣講在馬來西亞做工這個東西噢,zěn me yàng jiǎng zài mǎ lái xī yà zuò gōng zhè gè dōng xī ō,How do you talk about working in Malaysia?
00:07:33:865,我是還沒試過的,wǒ shì hái méi shì guò de,I haven't tried it yet
00:07:35:300,除了那幾個月的實習,chú le nà jǐ gè yuè de shí xí,Except for those few months of internship
00:07:37:065,就是大學過後4個月,jiù shì dà xué guò hòu 4 gè yuè,Just 4 months after college
00:07:38:800,就想說這個可能就是一個機會讓我去試一試不一樣的東西,jiù xiǎng shuō zhè gè kě néng jiù shì yī gè jī huì ràng wǒ qù shì yī shì bù yī yàng de dōng xī,I just want to say that this might be an opportunity for me to try something different.
00:07:42:632,我就決定了,wǒ jiù jué dìng le,I decided
00:07:43:600,就accept了那整個offer,jiù accept le nà zhěng gè offer,Just accepted the whole offer.
00:07:45:199,那當我抱著雀躍一試的那個心情哦,nà dāng wǒ bào zhù què yuè yī shì de nà gè xīn qíng ó,Then the feeling I had when I was so excited to give it a try
00:07:48:665,去開工啦,qù kāi gōng la,Go to work
00:07:49:665,結果又讓我發現到,jié guǒ yòu ràng wǒ fā xiàn dào,"As a result, I discovered again"
00:07:51:165,原來職場上哦,yuán lái zhí chǎng shàng ó,It turns out that in the workplace
00:07:52:500,不管你在哪一個國家啦,bù guǎn nǐ zài nǎ yī gè guó jiā la,No matter which country you are in
00:07:54:365,只要你遇到跟你理念有一點太相同,zhǐ yào nǐ yù dào gēn nǐ lǐ niàn yǒu yī diǎn tài xiāng tóng,As long as you meet someone who has the same ideas as you
00:07:58:199,又或者是你自己想要的工作環境的文化哦,yòu huò zhě shì nǐ zì jǐ xiǎng yào de gōng zuò huán jìng de wén huà ó,Or maybe it’s the culture of the work environment you want?
00:08:02:833,是跟你有一點小小的格格不入的話,shì gēn nǐ yǒu yī diǎn xiǎo xiǎo de gé gé bù rù de huà,If it’s a little out of tune with you
00:08:06:033,到最後噢你還是不可以的,dào zuì hòu ō nǐ hái shì bù kě yǐ de,"In the end, you still can't do it"
00:08:08:065,在這裡我要聲明的是,zài zhè lǐ wǒ yào shēng míng de shì,What I want to state here is
00:08:09:600,其實我沒有在講這個前公司的壞話還是什麼啊,qí shí wǒ méi yǒu zài jiǎng zhè gè qián gōng sī de huài huà hái shì shén me a,"Actually, I'm not talking bad about this former company or anything."
00:08:12:899,我只是跟觀眾分享我自己的個人看法,wǒ zhǐ shì gēn guān zhòng fēn xiǎng wǒ zì jǐ de gè rén kàn fǎ,I'm just sharing my personal opinions with the audience
00:08:15:899,每一家公司都有自己的文化,měi yī jiā gōng sī dōu yǒu zì jǐ de wén huà,Every company has its own culture
00:08:17:665,自己的方式去教人,zì jǐ de fāng shì qù jiào rén,Teach others in your own way
00:08:20:300,去帶人,qù dài rén,Go take someone with you
00:08:21:100,沒有對也沒有錯,méi yǒu duì yě méi yǒu cuò,There is no right or wrong
00:08:22:333,我會離開呢,wǒ huì lí kāi ne,I will leave
00:08:23:132,只是我覺得可能文化不太適合我,zhǐ shì wǒ jué dé kě néng wén huà bù tài shì hé wǒ,It’s just that I think maybe the culture is not suitable for me
00:08:26:600,我可能會比較喜歡,wǒ kě néng huì bǐ jiào xǐ huān,I might prefer
00:08:28:966,自由一點的工作環境啦,zì yóu yī diǎn de gōng zuò huán jìng la,
00:08:31:800,我只能這樣子講,wǒ zhǐ néng zhè yàng zi jiǎng,I can only say this
00:08:32:732,所以再重申噢,suǒ yǐ zài chóng shēn ō,So let me reiterate
00:08:34:000,是沒有對沒有錯的,shì méi yǒu duì méi yǒu cuò de,There is no right or wrong
00:08:35:133,好不好,hǎo bù hǎo,OK
00:08:35:700,那我就來跟你們分享一下,nà wǒ jiù lái gēn nǐ men fēn xiǎng yī xià,Then let me share it with you
00:08:37:166,我就職過後的經歷吧,wǒ jiù zhí guò hòu de jīng lì ba,My experience after taking office
00:08:39:533,我就職過後,wǒ jiù zhí guò hòu,After I took office
00:08:40:166,其實我進去裡面噢,qí shí wǒ jìn qù lǐ miàn ō,"Actually, I went inside"
00:08:41:232,就是幫他們做online advertising的工作內容啦,jiù shì bāng tā men zuò online advertising de gōng zuò nèi róng la,I just help them with their online advertising work.
00:08:46:100,就跟我之前在做的東西是一樣的,jiù gēn wǒ zhī qián zài zuò de dōng xī shì yī yàng de,It's the same thing I was doing before
00:08:48:166,經營自己的自媒體頻道啊,jīng yíng zì jǐ de zì méi tǐ pín dào a,Run your own self-media channel
00:08:50:000,YouTube啊Facebook這些,YouTube a Facebook zhè xiē,"YouTube, Facebook, etc."
00:08:51:466,只是說我進了去過後,zhǐ shì shuō wǒ jìn le qù guò hòu,Just saying that after I entered
00:08:53:033,我會發現到哎,wǒ huì fā xiàn dào āi,I will find out
00:08:53:932,其實很多東西哦,qí shí hěn duō dōng xī ó,Actually a lot of things
00:08:54:899,都不再是我自己一個人可以做決定了,dōu bù zài shì wǒ zì jǐ yī gè rén kě yǐ zuò jué dìng le,I am no longer the only one who can make decisions.
00:08:57:700,而需要經過很多層,ér xū yào jīng guò hěn duō céng,And need to go through many layers
00:08:59:200,然後我就又回到了之前那個,rán hòu wǒ jiù yòu huí dào le zhī qián nà gè,Then I went back to the previous one
00:09:01:666,Corporate world的那個狀態啦,Corporate world de nà gè zhuàng tài la,That state of the corporate world
00:09:03:600,其實他們裡面的東西啊,qí shí tā men lǐ miàn de dōng xī a,
00:09:05:232,全部都是非常需要,quán bù dōu shì fēi cháng xū yào,All are very needed
00:09:08:066,有Multi Tier Approval的一個process,yǒu Multi Tier Approval de yī gè process,There is a process of Multi Tier Approval
00:09:11:399,就是要過這個要過那個,jiù shì yào guò zhè gè yào guò nà gè,I just have to get through this and that.
00:09:13:500,不過的話又要改這個改那個,bù guò de huà yòu yào gǎi zhè gè gǎi nà gè,"But if you do, you have to change this or that."
00:09:15:865,其實噢你工作了很多年過後,qí shí ō nǐ gōng zuò le hěn duō nián guò hòu,"In fact, after you have worked for many years"
00:09:17:365,你會覺得哎,nǐ huì jué dé āi,You will think
00:09:18:365,有些東西是可以省略掉,yǒu xiē dōng xī shì kě yǐ shěng lüè diào,Some things can be omitted
00:09:19:899,但是,dàn shì,but
00:09:20:600,因為它是一個企業的關係,yīn wèi tā shì yī gè qǐ yè de guān xì,Because it is a business relationship
00:09:22:466,然後你是沒有辦法可以省略掉這些東西的,rán hòu nǐ shì méi yǒu bàn fǎ kě yǐ shěng lüè diào zhè xiē dōng xī de,Then there is no way you can omit these things
00:09:24:932,可能,kě néng,possible
00:09:25:899,那兩三年我已經遺忘了這個東西,nà liǎng sān nián wǒ yǐ jīng yí wàng le zhè gè dōng xī,I have forgotten this thing in those two or three years
00:09:28:000,然後就導致我有一點不太習慣,rán hòu jiù dǎo zhì wǒ yǒu yī diǎn bù tài xí guàn,Then it made me a little bit unaccustomed to it
00:09:30:533,嗯，只能這麼講,ń ， zhǐ néng zhè me jiǎng,"Well, that's all I can say"
00:09:31:765,而且他們請我進去的那個職位,ér qiě tā men qǐng wǒ jìn qù de nà gè zhí wèi,And the position they invited me into
00:09:34:365,在Interview的時候也是有給我一個很高的expectation,zài Interview de shí hòu yě shì yǒu gěi wǒ yī gè hěn gāo de expectation,"During the interview, I was given a very high expectation."
00:09:37:533,我以為我的那個權利,wǒ yǐ wèi wǒ de nà gè quán lì,I thought I had that right
00:09:39:299,可能會比較稍微的,kě néng huì bǐ jiào shāo wēi de,Maybe a little bit
00:09:42:000,可以得到比較多資源,kě yǐ dé dào bǐ jiào duō zī yuán,More resources are available
00:09:44:100,但可能因為他們覺得時間太短的關係,dàn kě néng yīn wèi tā men jué dé shí jiān tài duǎn de guān xì,But maybe it's because they think the time is too short
00:09:46:899,就暫時沒有辦法給到我那個決定權啦,jiù zàn shí méi yǒu bàn fǎ gěi dào wǒ nà gè jué dìng quán la,There is currently no way to give me the right to make that decision.
00:09:50:133,再加上這種種種種的原因哦,zài jiā shàng zhè zhǒng zhǒng zhǒng zhǒng de yuán yīn ó,Plus all these reasons
00:09:52:799,我就覺得好像,wǒ jiù jué dé hǎo xiàng,I just feel like
00:09:54:666,不太可以耶,bù tài kě yǐ yé,Not really possible
00:09:55:899,我還是習慣了自由耶,wǒ hái shì xí guàn le zì yóu yé,I'm still used to freedom
00:09:58:232,這樣子的一個感覺啦,zhè yàng zi de yī gè gǎn jué la,Such a feeling
00:09:59:432,總的來講哦,zǒng de lái jiǎng ó,Generally speaking
00:10:00:332,其實你在你的Mid Career啦,qí shí nǐ zài nǐ de Mid Career la,"In fact, you are in your Mid Career"
00:10:02:200,你會遇到的東西就是,nǐ huì yù dào de dōng xī jiù shì,What you will encounter is
00:10:03:832,像我這樣子30多歲的,xiàng wǒ zhè yàng zi 30 duō suì de,Someone in my 30s like me
00:10:05:232,其實你要跟外面的fresh graduate去搶工作的話啦,qí shí nǐ yào gēn wài miàn de fresh graduate qù qiǎng gōng zuò de huà la,"In fact, if you want to compete for a job with a fresh graduate from outside,"
00:10:09:600,講真的他們又願意拿比較低的薪水,jiǎng zhēn de tā men yòu yuàn yì ná bǐ jiào dī de xīn shuǐ,"To be honest, they are willing to take a relatively low salary"
00:10:12:265,他們的knowledge又很fresh,tā men de knowledge yòu hěn fresh,Their knowledge is very fresh
00:10:13:832,像一張白紙這樣子,xiàng yī zhāng bái zhǐ zhè yàng zi,Like a piece of white paper
00:10:15:000,其實是蠻多公司比較願意接受他們,qí shí shì mán duō gōng sī bǐ jiào yuàn yì jiē shòu tā men,"In fact, many companies are more willing to accept them."
00:10:17:899,Compare with像我們這種比較有資歷的,Compare with xiàng wǒ men zhè zhǒng bǐ jiào yǒu zī lì de,Compare with those who are more qualified like us
00:10:20:666,然後又要求那個薪水,rán hòu yòu yāo qiú nà gè xīn shuǐ,And then asked for that salary
00:10:22:399,有一定的程度的話,yǒu yí dìng de chéng dù de huà,To a certain extent
00:10:25:100,會有一點挑戰,huì yǒu yī diǎn tiāo zhàn,There will be a little challenge
00:10:26:066,是真的,shì zhēn de,is true
00:10:26:765,這是我遇到的,zhè shì wǒ yù dào de,This is what I encountered
00:10:28:066,而就因為公司的文化,ér jiù yīn wèi gōng sī de wén huà,And just because of the company’s culture
00:10:30:600,自己也不太能夠接受,zì jǐ yě bù tài néng gòu jiē shòu,I can't accept it either
00:10:31:932,因為我覺得啦,yīn wèi wǒ jué dé la,Because I think
00:10:33:000,在這間公司奴性要比較高一點點,zài zhè jiān gōng sī nú xìng yào bǐ jiào gāo yī diǎn diǎn,The servility in this company is a little higher
00:10:36:799,我會比較直接的講,wǒ huì bǐ jiào zhí jiē de jiǎng,I will speak more directly
00:10:38:633,因為其實我也問了一些同事,yīn wèi qí shí wǒ yě wèn le yī xiē tóng shì,Because actually I also asked some colleagues
00:10:40:533,他們會講,tā men huì jiǎng,they can speak
00:10:41:299,噢,ō,oh
00:10:41:700,他很兇啊還是怎麼樣啊,tā hěn xiōng a hái shì zěn me yàng a,Is he very fierce or something?
00:10:43:299,但是當他在給你工作的時候啊,dàn shì dāng tā zài gěi nǐ gōng zuò de shí hòu a,But when he is working for you
00:10:45:265,會給到你很大的壓力的哦,huì gěi dào nǐ hěn dà de yā lì de ó,
00:10:47:265,他們讓我感覺的就是,tā men ràng wǒ gǎn jué de jiù shì,That's what they make me feel
00:10:49:000,你去接受這份壓力哦,nǐ qù jiē shòu zhè fèn yā lì ó,Just accept this pressure
00:10:51:066,是一個很榮譽的事情,shì yī gè hěn róng yù de shì qíng,It's a very honorable thing
00:10:53:232,就是你的榮幸,jiù shì nǐ de róng xìng,It's your honor
00:10:54:566,你明白我的意思嗎,nǐ míng bái wǒ de yì si ma,do you understand what i mean
00:10:55:666,這個對我來講算是一個,zhè gè duì wǒ lái jiǎng suàn shì yī gè,"For me, this is a"
00:10:58:765,"OK
不懂的話你們自己去谷歌查找一下","OK
 bù dǒng de huà nǐ men zì jǐ qù gǔ gē chá zhǎo yī xià","OK
If you don’t understand, go look it up on Google yourself."
00:11:01:765,I mean可能在以前啦,I mean kě néng zài yǐ qián la,I mean maybe it was in the past
00:11:03:033,公司,gōng sī,company
00:11:03:865,老闆,lǎo bǎn,boss
00:11:04:500,管理層給到你壓力,guǎn lǐ céng gěi dào nǐ yā lì,Management puts pressure on you
00:11:06:500,給到你一件很難去完成的事情的時候,gěi dào nǐ yī jiàn hěn nán qù wán chéng de shì qíng de shí hòu,When you are given something difficult to accomplish
00:11:09:365,你覺得壓力,nǐ jué dé yā lì,you feel pressure
00:11:10:399,你就應該感到榮幸,nǐ jiù yīng gāi gǎn dào róng xìng,you should feel honored
00:11:11:732,因為他們看重你,yīn wèi tā men kàn zhòng nǐ,Because they value you
00:11:13:966,這個對我來講啦,zhè gè duì wǒ lái jiǎng la,This is for me
00:11:15:100,作為一個管理層,zuò wèi yī gè guǎn lǐ céng,as a management
00:11:15:966,應該要怎麼樣去跟你的下屬,yīng gāi yào zěn me yàng qù gēn nǐ de xià shǔ,How should you talk to your subordinates?
00:11:19:133,好好分擔壓力,hǎo hǎo fēn dān yā lì,Share the pressure well
00:11:20:265,才是一個對的方式吧,cái shì yī gè duì de fāng shì ba,"That's the right way, right?"
00:11:22:200,我不懂啊,wǒ bù dǒng a,I don't understand
00:11:22:899,OK我只是分享一下我個人的意見啊,OK wǒ zhǐ shì fēn xiǎng yī xià wǒ gè rén de yì jiàn a,"OK, I'm just sharing my personal opinion."
00:11:25:066,我沒有講前者是錯的,wǒ méi yǒu jiǎng qián zhě shì cuò de,I didn't say the former was wrong.
00:11:27:666,純分享而已,chún fēn xiǎng ér yǐ,Just sharing
00:11:28:566,純分享,chún fēn xiǎng,Pure sharing
00:11:29:966,而且在這間公司我也會看到,ér qiě zài zhè jiān gōng sī wǒ yě huì kàn dào,And I will also see it in this company
00:11:32:365,像之前,xiàng zhī qián,like before
00:11:33:533,我有在我的新加坡就職系列裡面分享的,wǒ yǒu zài wǒ de xīn jiā pō jiù zhí xì liè lǐ miàn fēn xiǎng de,I have shared this in my Singapore job series
00:11:36:633,在開會的時候,zài kāi huì de shí hòu,during a meeting
00:11:37:932,管理階層裡面會傳出很大很大的聲音,guǎn lǐ jiē céng lǐ miàn huì chuán chū hěn dà hěn dà de shēng yīn,"There will be loud, loud voices coming from the management"
00:11:40:666,就營造了一個比較負面的工作環境,jiù yíng zào le yī gè bǐ jiào fù miàn de gōng zuò huán jìng,This creates a relatively negative working environment.
00:11:44:299,這個也是我覺得,zhè gè yě shì wǒ jué dé,I think this too
00:11:45:899,嗯,ń,Um
00:11:47:166,會讓我再多一次去考慮,huì ràng wǒ zài duō yī cì qù kǎo lǜ,It will make me think about it one more time
00:11:50:100,要不要繼續下去的一個很主要的點,yào bù yào jì xù xià qù de yī gè hěn zhǔ yào de diǎn,It is a very important point whether to continue or not.
00:11:52:732,因為對我來講,yīn wèi duì wǒ lái jiǎng,Because for me
00:11:53:600,我還是覺得,wǒ hái shì jué dé,I still think
00:11:54:500,話是可以好好講的,huà shì kě yǐ hǎo hǎo jiǎng de,You can speak well
00:11:56:432,不管你是上面還是你是下面,bù guǎn nǐ shì shàng miàn hái shì nǐ shì xià miàn,No matter you are above or you are below
00:11:58:466,好好跟你講話,hǎo hǎo gēn nǐ jiǎng huà,Talk to you properly
00:11:59:500,可能我不理解,kě néng wǒ bù lǐ jiě,Maybe I don't understand
00:12:00:365,可能他溝通了很多次,kě néng tā gōu tōng le hěn duō cì,Maybe he communicated many times
00:12:01:533,但是還是不明白,dàn shì hái shì bù míng bái,But still don't understand
00:12:02:466,所以才會採取最偏激的方式,suǒ yǐ cái huì cǎi qǔ zuì piān jī de fāng shì,That’s why we take the most extreme approach
00:12:05:299,我不理解啊,wǒ bù lǐ jiě a,I don't understand
00:12:06:000,但是這個給到我的那個感覺,dàn shì zhè gè gěi dào wǒ de nà gè gǎn jué,But the feeling this gave me
00:12:08:299,就是這樣子,jiù shì zhè yàng zi,That's it
00:12:08:966,我不會想要在這樣子的工作環境裡面,wǒ bù huì xiǎng yào zài zhè yàng zi de gōng zuò huán jìng lǐ miàn,I don't want to be in a working environment like this
00:12:12:865,是的,shì de,Yes
00:12:13:466,這個也是依據我自己本身之前的經歷啦,zhè gè yě shì yī jù wǒ zì jǐ běn shēn zhī qián de jīng lì la,This is also based on my own previous experience.
00:12:16:000,我覺得這樣子的工作環境,wǒ jué dé zhè yàng zi de gōng zuò huán jìng,I think this kind of working environment
00:12:17:966,不是太理想,bú shì tài lǐ xiǎng,Not ideal
00:12:19:100,啊,a,ah
00:12:19:466,就是綜合了這些一切的一切,jiù shì zōng hé le zhè xiē yī qiè de yī qiè,It is a combination of all these
00:12:21:399,我才決定說,wǒ cái jué dìng shuō,I just decided to say
00:12:22:533,是不是我到了這個人生階段哦,shì bú shì wǒ dào le zhè gè rén shēng jiē duàn ó,Have I reached this stage of my life?
00:12:24:899,打工已經不再適合我了嘞,dǎ gōng yǐ jīng bù zài shì hé wǒ le lei,Working part-time is no longer suitable for me.
00:12:26:865,我是不是要Fully Concentrate,wǒ shì bú shì yào Fully Concentrate,Do I want Fully Concentrate?
00:12:28:332,在Property這一塊,zài Property zhè yī kuài,In the Property area
00:12:29:600,就是Self-Employed這一塊嘞,jiù shì Self-Employed zhè yī kuài lei,It’s the Self-Employed part.
00:12:31:732,That's why我才會在這裡,That's why wǒ cái huì zài zhè lǐ,That's why I'm here
00:12:33:799,那這個時候哦,nà zhè gè shí hòu ó,Then this time
00:12:35:000,就應該會有一些老觀眾會講啦,jiù yīng gāi huì yǒu yī xiē lǎo guān zhòng huì jiǎng la,There should be some old viewers who can talk about it.
00:12:37:399,哎，傑克,āi ， jié kè,"Hey, Jack"
00:12:38:066,Since你都要回到職場上了嘛,Since nǐ dōu yào huí dào zhí chǎng shàng le ma,Since you are going back to work?
00:12:40:200,為什麼你不要直接回新加坡嘞,wèi shén me nǐ bú yào zhí jiē huí xīn jiā pō lei,Why don't you just go back to Singapore?
00:12:42:166,你知道現在新加坡對馬來西亞的匯率是多少嗎,nǐ zhī dào xiàn zài xīn jiā pō duì mǎ lái xī yà de huì lǜ shì duō shǎo ma,Do you know what the exchange rate between Singapore and Malaysia is now?
00:12:44:966,3.5哎,3.5 āi,3.5 hey
00:12:46:100,遲一點就變4了咯,chí yī diǎn jiù biàn 4 le gē,It will become 4 later.
00:12:47:500,然後你又是PR,rán hòu nǐ yòu shì PR,Then you PR again
00:12:48:899,這麼好的機會為什麼不要回去,zhè me hǎo de jī huì wèi shén me bú yào huí qù,Why don't you go back with such a good opportunity?
00:12:50:700,那其實我想講的是哦,nà qí shí wǒ xiǎng jiǎng de shì ó,"Well, actually what I want to talk about is"
00:12:52:232,在馬來西亞工作啦,zài mǎ lái xī yà gōng zuò la,Working in Malaysia
00:12:53:932,它算是一個,tā suàn shì yī gè,it counts as a
00:12:55:066,我想在我人生當中完成的一個清單,wǒ xiǎng zài wǒ rén shēng dāng zhōng wán chéng de yī gè qīng dān,A list of things I want to accomplish in my life
00:12:58:566,這樣子講可能有一些人會覺得很可笑,zhè yàng zi jiǎng kě néng yǒu yī xiē rén huì jué dé hěn kě xiào,Some people may find it ridiculous to put it this way.
00:13:00:566,但是身為一個馬來西亞人,dàn shì shēn wèi yī gè mǎ lái xī yà rén,But as a Malaysian
00:13:01:899,沒有在馬來西亞工作過,méi yǒu zài mǎ lái xī yà gōng zuò guò,Never worked in Malaysia
00:13:03:399,我就覺得對我來講是有一點講不過去啦,wǒ jiù jué dé duì wǒ lái jiǎng shì yǒu yī diǎn jiǎng bù guò qù la,I feel like it’s a bit unreasonable for me.
00:13:06:232,我自己而已呀,wǒ zì jǐ ér yǐ ya,It's just me
00:13:06:966,我自己OK,wǒ zì jǐ OK,I'm OK
00:13:07:832,現在的種種狀況加起來,xiàn zài de zhǒng zhǒng zhuàng kuàng jiā qǐ lái,All the current situations add up
00:13:09:932,可能就是一個很好的時機,kě néng jiù shì yī gè hěn hǎo de shí jī,Maybe it's a good time
00:13:11:765,讓我去試試看,ràng wǒ qù shì shì kàn,let me try it
00:13:12:932,我覺得是一個機會啦,wǒ jué dé shì yī gè jī huì la,I think it's an opportunity
00:13:14:166,我把它看成是機會,wǒ bǎ tā kàn chéng shì jī huì,I see it as an opportunity
00:13:15:365,所以今年我還是決定會在這邊試一試,suǒ yǐ jīn nián wǒ hái shì jué dìng huì zài zhè biān shì yī shì,So this year I decided to give it a try here
00:13:19:265,至於回不回新加坡,zhì yú huí bù huí xīn jiā pō,As for whether to return to Singapore or not?
00:13:20:765,在新加坡工作那段時期,zài xīn jiā pō gōng zuò nà duàn shí qī,When I was working in Singapore
00:13:22:865,身為一個馬來西亞人,shēn wèi yī gè mǎ lái xī yà rén,as a malaysian
00:13:24:399,雖然手持著新加坡PR,suī rán shǒu chí zhù xīn jiā pō PR,Although holding Singapore PR
00:13:26:966,所遇到的種種狀況,suǒ yù dào de zhǒng zhǒng zhuàng kuàng,Various situations encountered
00:13:29:166,身為一個自顧人士的時候,shēn wèi yī gè zì gù rén shì de shí hòu,As a self-care person
00:13:31:100,身為一個Financial advisor,shēn wèi yī gè Financial advisor,As a financial advisor
00:13:32:399,在面對新加坡顧客,zài miàn duì xīn jiā pō gù kè,Facing Singaporean customers
00:13:34:033,或馬來西亞顧客的時候,huò mǎ lái xī yà gù kè de shí hòu,or Malaysian customers
00:13:35:399,這些經驗我都已經有過了,zhè xiē jīng yàn wǒ dōu yǐ jīng yǒu guò le,I have already had these experiences
00:13:37:332,就唯獨在馬來西亞,jiù wéi dú zài mǎ lái xī yà,Only in Malaysia
00:13:38:765,身為一個馬來西亞公民,shēn wèi yī gè mǎ lái xī yà gōng mín,As a Malaysian citizen
00:13:40:133,在馬來西亞工作這件事情哦,zài mǎ lái xī yà gōng zuò zhè jiàn shì qíng ó,What about working in Malaysia?
00:13:42:332,在我人生當中,zài wǒ rén shēng dāng zhōng,in my life
00:13:43:533,是還沒有正式完成超過一年的啦,shì hái méi yǒu zhèng shì wán chéng chāo guò yī nián de la,It hasn’t been officially completed for more than a year.
00:13:46:899,所以有了這個機會,suǒ yǐ yǒu le zhè gè jī huì,So with this opportunity
00:13:48:666,我為什麼不去試一試呢,wǒ wèi shén me bù qù shì yī shì ne,Why don't I give it a try?
00:13:50:865,對不對,duì bù duì,right?
00:13:51:399,同意嗎,tóng yì ma,Do you agree?
00:13:52:265,同意的觀眾可以在影片底下打“1”,tóng yì de guān zhòng kě yǐ zài yǐng piàn dǐ xià dǎ “1”,"Viewers who agree can put ""1"" under the video"
00:13:55:533,可是如果不同意的話就打一個“2”給我知道,kě shì rú guǒ bù tóng yì de huà jiù dǎ yī gè “2” gěi wǒ zhī dào,"But if you don't agree, just give me a ""2"""
00:13:57:899,再順便加上去,zài shùn biàn jiā shàng qù,Add it by the way
00:13:59:200,為什麼你不同意我這麼做,wèi shén me nǐ bù tóng yì wǒ zhè me zuò,why don't you agree with me doing this
00:14:00:666,我們來探討一下,wǒ men lái tàn tǎo yī xià,let's discuss it
00:14:01:700,要回去的話,yào huí qù de huà,If you want to go back
00:14:02:566,其實只要把工錢調低一點,qí shí zhǐ yào bǎ gōng qián diào dī yī diǎn,"In fact, just lower the wages a little bit"
00:14:04:799,Send個resume回去打工,Send gè resume huí qù dǎ gōng,Send a resume and go back to work
00:14:06:600,生活還是一樣過的,shēng huó hái shì yī yàng guò de,Life is still the same
00:14:08:100,只是可能我有時候,zhǐ shì kě néng wǒ yǒu shí hòu,It's just that maybe I sometimes
00:14:09:332,就自己,jiù zì jǐ,Just yourself
00:14:10:200,就一直想Try不一樣的東西,jiù yì zhí xiǎng Try bù yī yàng de dōng xī,I always wanted to try something different.
00:14:12:066,想跑別人不一樣的路,xiǎng pǎo bié rén bù yī yàng de lù,Want to follow a different path than others
00:14:14:000,自己拿苦來受,zì jǐ ná kǔ lái shòu,Take the pain yourself
00:14:15:200,但我覺得這個就是人生,dàn wǒ jué dé zhè gè jiù shì rén shēng,But I think this is life
00:14:16:666,我不想就一成不變,wǒ bù xiǎng jiù yì chéng bù biàn,I don't want to stay the same
00:14:18:865,有沒有,yǒu méi yǒu,Is there any
00:14:19:700,每個人要的生活方式都不一樣啦,měi gè rén yào de shēng huó fāng shì dōu bù yī yàng la,Everyone wants a different lifestyle
00:14:22:000,所以既然我在這個節骨眼上,suǒ yǐ jì rán wǒ zài zhè gè jié gǔ yǎn shàng,So since I'm at this juncture
00:14:24:899,有了這樣子一個機會,yǒu le zhè yàng zi yī gè jī huì,With such an opportunity
00:14:26:700,我就去試試吧,wǒ jiù qù shì shì ba,I'll just go and try it
